{
  "sample_name": "normal_sample",
  "timestamp": "20260322_105311",
  "label": 0,
  "eeg_shape": [
    21,
    128
  ],
  "sfreq": 256,
  "features": {
    "mean": 0.19534240127001595,
    "std": 16.879814447414127,
    "min": -41.68267400526504,
    "max": 49.090173787417314,
    "range": 90.77284779268236,
    "hjorth_activity": 284.73472088303726,
    "hjorth_mobility": 0.5738370825035232,
    "hjorth_complexity": 2.6291467957567662,
    "skewness": 0.012865426409919481,
    "kurtosis": -0.7948951961330235,
    "spectral_entropy": 1.9669452595052053,
    "spectral_centroid": 12.426732640728021,
    "spectral_rolloff": 20.0,
    "sef95": 20.0,
    "delta_power": 0.4199551111366234,
    "theta_power": 17.115830668422117,
    "alpha_power": 98.62754444686863,
    "beta_power": 26.701197665618274,
    "gamma_power": 9.820860665356278,
    "theta_beta_ratio_ratio": 0.6410135935736385,
    "delta_alpha_ratio_ratio": 0.004257990133399605,
    "slow_fast_ratio_ratio": 0.13991830991015428,
    "theta_alpha_ratio_ratio": 0.17354006697008648,
    "delta_beta_ratio_ratio": 0.01572795034867686,
    "seizure_index_ratio": 0.1297509235626154,
    "line_length": 984.9863090544958,
    "turning_points": 0.5438397581254724,
    "waveform_complexity": 0.07748465715913774,
    "mean_correlation": 0.8780948288097177,
    "envelope_mean": 21.29368002741556,
    "envelope_std": 7.046984902572568,
    "envelope_max": 32.1452404866524,
    "envelope_var": 49.659996217085705,
    "phase_locking_value": 0.8691371186074324
  },
  "saved_plots": {
    "signal": "outputs\\demo\\signals\\normal_sample_signal.png",
    "spectrogram": "outputs\\demo\\spectra\\normal_sample_spectrogram.png",
    "band_powers": "outputs\\demo\\spectra\\normal_sample_band_powers.png",
    "correlations": "outputs\\demo\\metrics\\normal_sample_correlations.png",
    "radar": "outputs\\demo\\metrics\\normal_sample_radar.png",
    "metrics": "outputs\\demo\\metrics\\normal_sample_metrics.png"
  }
}