{
  "patients_analyzed": [
    1,
    2,
    3,
    4,
    5,
    6,
    7,
    8,
    9,
    10,
    11,
    12,
    13,
    14,
    15,
    16,
    17,
    18,
    19,
    20,
    21,
    22,
    23,
    24
  ],
  "total_windows": 571905,
  "comparisons": [
    {
      "n_seizure": 3480,
      "n_non_seizure": 23049,
      "seizure_avg_mean": 0.22544509020875525,
      "seizure_avg_std": 97.62007660153269,
      "seizure_avg_min": -209.93626827152295,
      "seizure_avg_max": 204.96908320942146,
      "seizure_avg_range": 414.9053514809444,
      "non_seizure_avg_mean": 0.19109967634386438,
      "non_seizure_avg_std": 33.43619289383298,
      "non_seizure_avg_min": -73.94923401259565,
      "non_seizure_avg_max": 74.56179999188025,
      "non_seizure_avg_range": 148.5110340044759,
      "patient_id": 1,
      "windows": 26529
    },
    {
      "n_seizure": 1352,
      "n_non_seizure": 7801,
      "seizure_avg_mean": 0.24468202188493238,
      "seizure_avg_std": 102.41237796975311,
      "seizure_avg_min": -255.3743915783583,
      "seizure_avg_max": 250.32227231764935,
      "seizure_avg_range": 505.69666389600764,
      "non_seizure_avg_mean": 0.16015129994012317,
      "non_seizure_avg_std": 63.50358327237968,
      "non_seizure_avg_min": -153.1588474150698,
      "non_seizure_avg_max": 159.1364728599928,
      "non_seizure_avg_range": 312.2953202750626,
      "patient_id": 2,
      "windows": 9153
    },
    {
      "n_seizure": 3160,
      "n_non_seizure": 24364,
      "seizure_avg_mean": 0.2531723317411681,
      "seizure_avg_std": 92.57268876908701,
      "seizure_avg_min": -223.89828733371783,
      "seizure_avg_max": 237.94102827506728,
      "seizure_avg_range": 461.8393156087851,
      "non_seizure_avg_mean": 0.20332508368556837,
      "non_seizure_avg_std": 27.825559254713077,
      "non_seizure_avg_min": -66.33666110488899,
      "non_seizure_avg_max": 70.62838221081684,
      "non_seizure_avg_range": 136.96504331570583,
      "patient_id": 3,
      "windows": 27524
    },
    {
      "n_seizure": 2992,
      "n_non_seizure": 18868,
      "seizure_avg_mean": 0.20418125210842863,
      "seizure_avg_std": 95.3068936738101,
      "seizure_avg_min": -252.6491302266159,
      "seizure_avg_max": 260.83959568630564,
      "seizure_avg_range": 513.4887259129216,
      "non_seizure_avg_mean": 0.12442024492252539,
      "non_seizure_avg_std": 64.98439109811584,
      "non_seizure_avg_min": -151.58724173984967,
      "non_seizure_avg_max": 153.9751801968556,
      "non_seizure_avg_range": 305.5624219367053,
      "patient_id": 4,
      "windows": 21860
    },
    {
      "n_seizure": 4424,
      "n_non_seizure": 8568,
      "seizure_avg_mean": 0.2498524061222704,
      "seizure_avg_std": 194.74815439531213,
      "seizure_avg_min": -466.72258850377034,
      "seizure_avg_max": 494.1973262307441,
      "seizure_avg_range": 960.9199147345145,
      "non_seizure_avg_mean": 0.14761428502202018,
      "non_seizure_avg_std": 56.78840759265768,
      "non_seizure_avg_min": -125.3894321822764,
      "non_seizure_avg_max": 123.8650064352625,
      "non_seizure_avg_range": 249.25443861753888,
      "patient_id": 5,
      "windows": 12992
    },
    {
      "n_seizure": 1144,
      "n_non_seizure": 46226,
      "seizure_avg_mean": -0.09855428288879615,
      "seizure_avg_std": 60.98174490128364,
      "seizure_avg_min": -142.62370850823143,
      "seizure_avg_max": 145.14680241538093,
      "seizure_avg_range": 287.7705109236124,
      "non_seizure_avg_mean": 0.1791951248374671,
      "non_seizure_avg_std": 82.14029747405891,
      "non_seizure_avg_min": -193.12409779050793,
      "non_seizure_avg_max": 196.4525395631384,
      "non_seizure_avg_range": 389.5766373536464,
      "patient_id": 6,
      "windows": 47370
    },
    {
      "n_seizure": 2576,
      "n_non_seizure": 16015,
      "seizure_avg_mean": 0.1855351477376943,
      "seizure_avg_std": 166.19739740235465,
      "seizure_avg_min": -399.9672893767031,
      "seizure_avg_max": 415.947170761061,
      "seizure_avg_range": 815.9144601377641,
      "non_seizure_avg_mean": 0.23624901919944052,
      "non_seizure_avg_std": 34.35201424183304,
      "non_seizure_avg_min": -78.6216537516991,
      "non_seizure_avg_max": 90.81792609769406,
      "non_seizure_avg_range": 169.43957984939314,
      "patient_id": 7,
      "windows": 18591
    },
    {
      "n_seizure": 7312,
      "n_non_seizure": 8388,
      "seizure_avg_mean": 0.20336729988197977,
      "seizure_avg_std": 115.65083611820145,
      "seizure_avg_min": -239.85126554679036,
      "seizure_avg_max": 244.29267027654586,
      "seizure_avg_range": 484.1439358233362,
      "non_seizure_avg_mean": 0.2182490789000431,
      "non_seizure_avg_std": 57.3723979709145,
      "non_seizure_avg_min": -134.64012172509786,
      "non_seizure_avg_max": 141.6532764653109,
      "non_seizure_avg_range": 276.29339819040877,
      "patient_id": 8,
      "windows": 15700
    },
    {
      "n_seizure": 2176,
      "n_non_seizure": 16989,
      "seizure_avg_mean": 0.2211415641121515,
      "seizure_avg_std": 233.53057180158794,
      "seizure_avg_min": -552.04181427247,
      "seizure_avg_max": 581.2953366691465,
      "seizure_avg_range": 1133.3371509416165,
      "non_seizure_avg_mean": 0.1909719617315995,
      "non_seizure_avg_std": 57.212638066735444,
      "non_seizure_avg_min": -135.83491887613465,
      "non_seizure_avg_max": 138.2978936326224,
      "non_seizure_avg_range": 274.132812508757,
      "patient_id": 9,
      "windows": 19165
    },
    {
      "n_seizure": 3520,
      "n_non_seizure": 24795,
      "seizure_avg_mean": 0.10663158726114158,
      "seizure_avg_std": 146.22227452656423,
      "seizure_avg_min": -329.1085910647938,
      "seizure_avg_max": 334.16020607110113,
      "seizure_avg_range": 663.2687971358949,
      "non_seizure_avg_mean": 0.20906170921788333,
      "non_seizure_avg_std": 73.64548751469883,
      "non_seizure_avg_min": -155.60085666496371,
      "non_seizure_avg_max": 157.6159060098527,
      "non_seizure_avg_range": 313.2167626748164,
      "patient_id": 10,
      "windows": 28315
    },
    {
      "n_seizure": 6424,
      "n_non_seizure": 4535,
      "seizure_avg_mean": 0.19614391494348454,
      "seizure_avg_std": 91.27454410513786,
      "seizure_avg_min": -210.29853670801944,
      "seizure_avg_max": 209.77130585560022,
      "seizure_avg_range": 420.06984256361966,
      "non_seizure_avg_mean": 0.17144840912577156,
      "non_seizure_avg_std": 32.77386864595928,
      "non_seizure_avg_min": -79.56991058231846,
      "non_seizure_avg_max": 84.61402127813741,
      "non_seizure_avg_range": 164.18393186045586,
      "patient_id": 11,
      "windows": 10959
    },
    {
      "n_seizure": 7696,
      "n_non_seizure": 16114,
      "seizure_avg_mean": 0.17458488271597214,
      "seizure_avg_std": 38.19887923872149,
      "seizure_avg_min": -87.87758371289704,
      "seizure_avg_max": 88.55923870298818,
      "seizure_avg_range": 176.43682241588522,
      "non_seizure_avg_mean": 0.16673816630727023,
      "non_seizure_avg_std": 34.47864442815907,
      "non_seizure_avg_min": -78.1913355036477,
      "non_seizure_avg_max": 79.02736266012285,
      "non_seizure_avg_range": 157.21869816377054,
      "patient_id": 12,
      "windows": 23810
    },
    {
      "n_seizure": 3440,
      "n_non_seizure": 24143,
      "seizure_avg_mean": 0.16662715933649283,
      "seizure_avg_std": 68.01537737513698,
      "seizure_avg_min": -152.0411973010662,
      "seizure_avg_max": 150.1456523961799,
      "seizure_avg_range": 302.1868496972461,
      "non_seizure_avg_mean": 0.1999816269064498,
      "non_seizure_avg_std": 54.28472819230493,
      "non_seizure_avg_min": -128.2918650627245,
      "non_seizure_avg_max": 131.91634462871502,
      "non_seizure_avg_range": 260.2082096914395,
      "patient_id": 13,
      "windows": 27583
    },
    {
      "n_seizure": 1288,
      "n_non_seizure": 24536,