{
  "patients_analyzed": [
    1,
    2,
    3
  ],
  "total_windows": 63206,
  "comparisons": [
    {
      "n_seizure": 3480,
      "n_non_seizure": 23049,
      "seizure_avg_mean": 0.22544509020875525,
      "seizure_avg_std": 97.62007660153269,
      "seizure_avg_min": -209.93626827152295,
      "seizure_avg_max": 204.96908320942146,
      "seizure_avg_range": 414.9053516563328,
      "non_seizure_avg_mean": 0.19109967634386438,
      "non_seizure_avg_std": 33.43619289383298,
      "non_seizure_avg_min": -73.94923401259565,
      "non_seizure_avg_max": 74.56179999188025,
      "non_seizure_avg_range": 148.51103400083483,
      "patient_id": 1,
      "windows": 26529
    },
    {
      "n_seizure": 1352,
      "n_non_seizure": 7801,
      "seizure_avg_mean": 0.24468202188493238,
      "seizure_avg_std": 102.41237796975311,
      "seizure_avg_min": -255.3743915783583,
      "seizure_avg_max": 250.32227231764935,
      "seizure_avg_range": 505.6966640201546,
      "non_seizure_avg_mean": 0.16015129994012317,
      "non_seizure_avg_std": 63.50358327237968,
      "non_seizure_avg_min": -153.1588474150698,
      "non_seizure_avg_max": 159.1364728599928,
      "non_seizure_avg_range": 312.2953202079281,
      "patient_id": 2,
      "windows": 9153
    },
    {
      "n_seizure": 3160,
      "n_non_seizure": 24364,
      "seizure_avg_mean": 0.2531723317411681,
      "seizure_avg_std": 92.57268876908701,
      "seizure_avg_min": -223.89828733371783,
      "seizure_avg_max": 237.94102827506728,
      "seizure_avg_range": 461.8393155327326,
      "non_seizure_avg_mean": 0.20332508368556837,
      "non_seizure_avg_std": 27.825559254713077,
      "non_seizure_avg_min": -66.33666110488899,
      "non_seizure_avg_max": 70.62838221081684,
      "non_seizure_avg_range": 136.9650432813385,
      "patient_id": 3,
      "windows": 27524
    }
  ],
  "metrics_mean_all": {
    "mean": 0.1981329722750183,
    "std": 42.950246604727,
    "min": -99.65568859877513,
    "max": 102.59168794211712,
    "range": 202.24737652654088
  }
}